586,Madelyn
50,Julian
864,Hedda
605,Marin
453,Haleigh
681,Dianemarie
247,Antoine
689,Odelinda
44,Junette
922,Vachel
706,Olenolin
483,Indira
141,Ki
704,Myrilla
105,Emylee
786,Quintilla
704,Peyter
191,Robin
420,Kane
391,Stephen
508,Aron
851,Heida
93,Waiter
458,Rickie
576,Adah
602,Dedie
37,Fons
926,Halli
974,Yehudi
485,Lenka
392,Arther
314,Mersey
499,Kelby
550,Allen
693,Carri
789,Feodor
143,Loree
948,Stella
467,Perry
283,Linette
192,Stefa
219,Helenelizabeth
760,Eda
404,Dulcia
136,Rickie
674,Abe
38,Robert
146,Christiana
295,Riobard
665,Davey
34,Guido
627,Shanie
4,Zacharie
758,Tally
897,Auberon
854,Arnuad
574,Harriet
942,Roscoe
742,Tressa
680,Alvera
678,Ogdon
254,Massimiliano
991,Dyna
461,Cahra
583,Gunner
690,Shellie
34,John
233,Susette
304,Cristobal
600,Mickie
387,Kristan
386,Damien
859,Orbadiah
110,Norton
788,Reena
805,Perle
80,Sherman
581,Whitney
809,Rosemonde
242,Wendye
960,Caye
553,Kirsten
382,Karney
376,Marina
858,Dory
898,Alon
750,Nerty
791,Donielle
532,Mallory
969,Carolina
364,Claudina
67,Riordan
227,Zarla
998,Cindy
205,Chico
596,Dilan
10,Karalee
602,Sorcha
597,Rockey
225,Purcell
400,Armin
215,Vaughan
288,Whitby
974,Adrian
887,De
64,Philomena
898,Lyndy
869,Barnie
498,Matty
233,Corabel
620,Buck
97,Dix
685,Matthaeus
889,Trix
964,Patton
691,Courtnay
13,Sylvan
363,Raoul
40,Otha
588,Carie
279,Ruth
967,Janifer
169,Thornie
215,Vic
605,Finn
52,Prue
483,Osbourne
76,Gamaliel
530,Shelby
938,Hetti
376,Dennet
451,Cassius
900,Fletcher
280,Aeriela
754,Timmi
508,Humfried
937,Fowler
858,Osbert
373,Ginni
927,Albert
228,Gunar
853,Stephie
344,Val
72,Mufi
14,Vanya
517,Odo
307,Jobye
924,Latashia
447,Stuart
345,Meyer
443,Arthur
742,Drucill
87,Gilberta
577,Mitch
824,Ramonda
67,Glynda
872,Jeramey
891,Ross
618,Cathrine
332,Alphonse
7,Constantin
924,Avril
138,Cecilla
722,Darci
937,Zabrina
194,Charline
876,Anastasia
996,Birk
521,Dal
463,Janaya
322,Kaleena
451,Yalonda
652,Oralia
814,Florentia
443,Dugald
977,Rene
301,Merlina
944,Chantal
837,Gottfried
554,Melamie
676,Cherri
105,Mordecai
404,Ashlen
1,Jandy
46,Ricki
267,Amalie
36,Hort
737,Octavius
25,Dena
843,Abie
881,Cos
635,Louisa
808,Aurelie
152,Elena
646,Brooke
678,Danica
320,Locke
277,Benjamin
420,Dwight
811,Ainsley
153,Hermina
320,Jeffy
777,Dominique
215,Nicholle
783,Phip
908,Darla
115,Reese
142,Inigo
88,Clotilda
270,Monica
223,Frayda
476,Lyndsey
590,Arnaldo
845,Seward
381,Nobie
892,Fanechka
252,Trever
124,Anstice
86,Virginia
414,Debi
701,Norine
513,Marc
748,Sylvia
70,Temp
733,Baxie
686,Junina
322,Dixie
346,Devonna
735,Coleen
617,Cyndy
492,Jorey
717,Erasmus
46,Gannon
668,Cara
814,Breena
912,Munroe
565,Marian
445,Mirna
776,Simon
492,Roseanna
591,Tremaine
148,Kiley
782,Rollin
573,Sullivan
706,Maribelle
649,Neila
451,Cordy
857,Jonis
435,Moria
677,Natassia
472,Allina
901,Yale
671,Celestyna
78,Lizzy
945,Aubree
356,Devonna
930,Katharine
606,Cam
484,Judith
185,Leonore
502,Peterus
119,Lorianna
831,Carlyn
410,Salvador
262,Raynard
291,Petr
476,Sibel
341,Whit
63,Grethel
930,Almeta
699,Casi
561,Karylin
837,Marj
694,Ariela
459,Maurene
359,Jacquelyn
92,Annalee
219,Aloin
475,Richy
811,Florry
441,Roi
815,Sande
377,Hubey
573,Nicola
333,Newton
609,Dorelle
5,Joachim
250,Tannie
777,Margette
31,Woodman
225,Casey
923,Beniamino
959,Kora
664,Bessy
189,Wendeline
17,Evangeline
393,Boris
912,Anne-marie
269,Shannah
797,Janice
214,Aldis
51,Ricky
566,Dael
680,Blair
625,Georgeanna
628,Livvy
339,Renelle
44,Ethelda
863,Queenie
586,Lucienne
362,Sax
255,Gussi
331,Karlen
215,Coriss
534,Ainslie
360,Dee dee
463,Sophey
2,Marti
482,Odelinda
544,Timothea
843,Gisele
962,Jenda
313,Fay
571,Micah
321,Cecilio
728,Vito
255,Bonnee
775,Edeline
625,Tiffany
307,Park
538,Jeni
389,Michal
375,Elwood
654,Cornelle
850,Parry
726,Nonie
900,Cacilia
127,Danette
393,Dru
43,Freda
10,Kaia
54,Demetrius
32,Feliks
178,Alecia
271,Dacia
161,Deana
657,Kerk
747,Martita
245,Mike
218,Karol
463,Bendite
616,Russell
733,Casey
734,Kendra
387,Sigrid
11,Thornton
157,Kingsley
430,Meghann
908,Cyril
549,Gerick
289,Corbet
862,Bonnee
560,Fey
635,Glenine
429,Virge
631,Emogene
129,Teddi
552,Broddie
740,Palm
47,Kippie
34,Tova
251,Dewey
528,Jesse
719,Neddie
214,Eirena
234,Jilleen
799,Pooh
517,Joelly
472,Lexy
180,Teri
969,Bryanty
266,Fairfax
934,Monah
538,Temp
544,Justus
240,Nessy
217,Rois
576,Pauli
288,Evelyn
892,Pet
1,Margery
163,Tammie
109,Merry
381,Adriena
31,Briny
359,Hillier
896,Marnie
94,Ellynn
332,Nada
623,Boonie
484,Silvie
815,Tedmund
414,Ermengarde
249,Rutherford
499,Ahmad
653,Jase
180,Blakeley
567,Lelia
332,Xylina
626,Nonnah
384,Katya
602,Willette
435,Ron
299,Mile
113,Harbert
628,Abbe
314,Ansel
576,Lonna
773,Neils
979,Tedmund
989,Fonzie
521,Pattin
63,Karie
655,Hoebart
86,Harli
872,Florinda
326,Adrianna
911,Jenica
610,Lianne
716,Daren
54,Any
983,Adela
987,Lazaro
769,Regine
209,Edmon
94,Barr
549,Cullie
758,Merrili
736,Berte
894,Garrard
912,Doria
188,Peterus
945,Krystle
428,Cherri
214,Stephan
267,Mel
595,Dominik
676,Earl
31,Lenard
978,Kean
573,Orelie
732,Dion
445,Anny
423,Fabien
842,Lucky
954,Rosemary
988,Marisa
541,Archibald
470,Burr
871,Odetta
511,Gordy
255,Judi
23,Wynnie
570,Arv
657,Alessandro
412,Melli
483,Guthry
335,Hussein
50,Bertie
40,Marge
618,Karalee
169,Warren
595,Orsola
850,Tricia
879,Ber
620,Maxine
638,Carlie
154,Dall
944,Paulette
240,Vlad
406,Susanetta
362,Giustina
342,Jacinthe
573,Lauraine
394,Bridie
377,Raven
625,Mose
864,Lennie
991,Reba
865,Theodoric
271,Ianthe
547,Lynne
384,Constantin
634,Daisey
506,Staford
868,Franklyn
610,Trudy
961,Luce
435,Rachele
889,Vania
478,Dee dee
814,Starr
594,Eric
626,Carolynn
260,Alicia
919,Ware
466,Dorothea
391,Amalea
582,Hercule
134,Emanuele
111,Salomone
884,Laurella
416,Nari
175,Hynda
983,Electra
804,Avrit
654,Vikki
714,Eddy
229,Elspeth
848,Allie
883,Edita
855,Zola
474,Kipper
151,Romeo
734,Kassi
624,Anna-diana
859,Fancie
33,Tomi
463,Wendy
857,Cristiano
902,Farly
629,Thorin
559,Base
649,Elia
948,Vida
437,Alvie
287,Jacques
533,Henrik
984,Rafe
31,Dag
352,Rhett
341,Crysta
434,Rustin
360,Wendye
323,Daron
47,Zaccaria
813,Lindi
745,Perice
556,Darryl
880,Aindrea
325,Georgina
219,Mikaela
411,Dorita
257,Ileana
669,Cullie
502,Dorothy
307,Rebekah
170,Casandra
931,Cleopatra
921,Samara
481,Domeniga
737,Reggie
184,Bernie
72,Jobye
749,Raymond
680,Wini
93,Luelle
441,Portie
326,Brietta
245,Audrey
961,Dyanne
750,Dulciana
390,Sybyl
164,Giulietta
302,Kerrill
787,Trude
359,Caitrin
526,Betty
645,Skippy
18,Kaspar
50,Mirilla
901,Tana
494,Almeria
533,Findlay
305,Elroy
807,Chastity
298,Melloney
448,Aloin
58,Wenona
56,Sallyanne
491,Coletta
463,Gayleen
324,Susie
960,Rodrique
458,Ludvig
916,Carleen
769,Costa
972,Alyss
501,Kalvin
923,Beatrice
675,Jorrie
890,Sollie
110,Teodora
829,Lief
513,Oralia
626,Ronald
569,Jayson
619,Nettle
806,Danit
786,Callean
96,Isadora
707,Betsy
842,Rutger
253,Josee
274,Stephana
279,Corey
252,Kele
378,Sanson
388,Mikey
840,Kristofor
766,Christin
100,Price
750,Vivi
372,Bethena
592,Damita
740,Claribel
946,Christye
615,Edmund
106,Dolli
775,Bran
316,Shawn
837,Fletch
940,Tory
626,Kiah
149,Andrei
179,Philippe
887,Dalia
146,Belia
707,Lolly
184,Margaretha
579,Malcolm
711,Keely
721,Deana
941,Halimeda
342,Allis
611,Kasey
862,Virgie
45,Beatrisa
794,Lynn
496,Becka
352,Catrina
565,Isaiah
989,Ketti
893,Brand
447,Cher
703,Lisle
911,Benita
291,Alta
189,Bat
770,Glennis
911,Sheba
981,Clarisse
650,Tann
43,Remus
35,Belva
820,Linnet
810,Honor
470,Lee
265,Shelton
556,Fanchette
107,Elisabetta
282,Valle
193,Fifine
49,Caleb
257,Suzy
103,Malinda
201,Constantina
21,Michelle
131,Joshuah
380,Royall
280,Norbert
941,Lucita
578,Derwin
34,Gardy
877,Lezlie
763,Vivian
985,Mauricio
923,Gisele
26,Mel
383,Merwyn
715,Aloysia
562,Jonell
229,Doreen
476,Burtie
242,Ronnica
996,Olly
717,Jourdain
855,Nisse
985,Selena
312,Jody
286,Charline
508,Helaine
197,Mallorie
971,Max
785,Elane
430,Orel
538,Klaus
958,Merl
899,Helga
825,Cecile
416,Ber
344,Nanon
195,Josey
32,Lusa
390,Nicolea
400,Pepito
164,Deeyn
42,Marianne
759,Nowell
118,Nikola
287,Marcelline
539,Aron
413,Seumas
594,Leontine
137,Rudiger
117,Julia
121,Jessalin
25,Salomi
311,Cherida
334,Forbes
337,Buckie
585,Elisha
423,Fraser
73,Art
411,Nessa
173,Dody
934,Wade
355,Sandro
819,Garvy
8,Ardenia
558,Kilian
273,Josefina
311,Ilka
619,Burlie
282,Selle
236,Ashleigh
542,Hilly
99,Sheryl
817,Rog
943,Patty
122,Herold
562,Aharon
943,Erik
329,Emmalyn
543,Adah
322,Paolina
410,Horatius
934,Mikey
838,Dunc
853,Josh
456,Skye
256,Elyssa
713,Corrie
801,Willabella
932,Giorgio
776,Joseito
202,Dorolice
853,Jacki
26,Gill
795,Lorianna
867,Pincas
727,Corina
131,Jory
541,Charmaine
38,Pacorro
723,Georas
847,Anatole
973,Steffie
20,Webster
862,Jay
851,Clemmie
70,Leoline
31,Eberto
877,Honey
96,Henrik
445,Ashlin
421,Zuzana
289,Alysa
982,Cathy
1,Vincenty
439,Humfrid
909,Ambrose
463,Nomi
881,Tremayne
741,Rosene
213,Gerianna
285,Shaine
139,Lotta
679,Baldwin
509,Kimberli
202,Felicia
624,Cathlene
96,Aeriela
688,Gerhardt
303,Quillan
866,Wood
403,Orelle
993,Sheilakathryn
705,Elmer
395,Brett
442,Rollo
35,Myrtle
480,Rayner
94,Suzi
350,Farly
755,Kathye
876,Suzette
37,Demetria
625,Abbott
482,Jennifer
715,Worthy
521,Griffie
224,Aube
728,Bradney
770,Sayre
758,Arthur
540,Eugine
943,Prudy
728,Korella
324,Robinetta
813,Druci
324,Nikolas
442,Lotty
893,Almeda
676,Edwin
304,Shanda
199,Merridie
428,Olivette
548,Gregory
247,Kennie
508,Prinz
849,Sonni
637,Jan
127,Timothee
507,Cordie
296,Audra
939,Loren
187,Kliment
971,Lorelei
926,Minor
344,Corabelle
392,Edlin
637,Randolph
908,Brooke
609,Ernst
253,Asia
497,Alic
205,Sonnie
595,Teena
421,Florence
139,Tremaine
78,Mollee
729,Delinda
15,Curtice
772,Angelique
612,Friedrich
100,Garret
415,Rudiger
301,Rowe
267,Ermentrude
606,Edvard
45,Talia
260,Willem
380,Obadiah
592,Kevin
578,Tallia
52,Andres
316,Clarie
807,Boris
462,Samuele
559,Dennis
794,Goldy
324,Del
971,Anthea
765,Chloris
887,Stacia
993,Torrance
506,Helaine
896,Lesya
191,Jacquetta
918,Austin
524,Douglass
824,Lynnell
596,Fara
291,Johnny
169,Adan
580,Gallard
268,Brittni
899,Othilia
622,Noelle
236,Quincy
564,Ewen
832,Gale
110,Petra
875,Dolores
773,Sanford
611,Hedwig
179,Coral
324,Rollins
809,Ronica
60,Lambert
101,Sigismundo
762,Karon
293,Malynda
901,Vally
257,Mabelle
437,Garald
137,Arlen
206,Nelson
134,Hannis
285,Alan
243,Starla
274,Pip
182,Misty
421,Karylin
330,Gisele
848,Leif
505,Sharona
941,Sonnie
484,Duffie
874,Odie
750,Min
947,Chicky
60,Clemente
973,Elberta
999,Fancie
951,Cathyleen
372,Tabina
187,Sabra
233,Leann
690,Hope
664,Rancell
400,Timothee
597,Keriann
910,Shaun
682,Jard
928,Conney
926,Tammie
292,Tiphanie
292,Priscella
45,Phineas
820,Kerwin
81,Nanny
778,Rutter
617,Amil
856,Gretna
568,Merissa
974,Bert
125,Jerrine
602,Francene
3,Luella
893,Bea
77,Lynett
212,Elke
728,Belinda
255,Arni
570,Svend
876,Niall
683,Nanon
625,Madalena
920,Mellicent
428,Rourke
167,Cecily
290,Hurley
841,Prentice
197,Ulrick
406,Lizette
218,Godiva
564,Avictor
944,Correna
229,Tadeas
582,Johny
261,Alfy
20,Lise
670,Andromache
599,Humphrey
774,Odessa
757,Walt
945,Derick
176,Waly
111,Hilario
653,Dennie
877,Essie
728,Lenka
879,Penn
883,Joli
365,Kristi
165,Shana
751,Austin
399,Ringo
